-- phpMyAdmin SQL Dump
-- version 4.6.6deb4
-- https://www.phpmyadmin.net/
--
-- Host: localhost:3306
-- Generation Time: Jan 02, 2018 at 05:41 PM
-- Server version: 10.1.23-MariaDB-9+deb9u1
-- PHP Version: 7.0.19-1

SET SQL_MODE = "NO_AUTO_VALUE_ON_ZERO";
SET time_zone = "+00:00";


/*!40101 SET @OLD_CHARACTER_SET_CLIENT=@@CHARACTER_SET_CLIENT */;
/*!40101 SET @OLD_CHARACTER_SET_RESULTS=@@CHARACTER_SET_RESULTS */;
/*!40101 SET @OLD_COLLATION_CONNECTION=@@COLLATION_CONNECTION */;
/*!40101 SET NAMES utf8mb4 */;

--
-- Database: `iceadmin`
--

-- --------------------------------------------------------

--
-- Table structure for table `price`
--

CREATE TABLE `price` (
  `id` bigint(20) UNSIGNED NOT NULL,
  `price` decimal(10,2) NOT NULL
) ENGINE=InnoDB DEFAULT CHARSET=utf8 COLLATE=utf8_bin;

--
-- Dumping data for table `price`
--

INSERT INTO `price` (`id`, `price`) VALUES
(1, '210.00'),
(2, '115.00'),
(3, '65.00'),
(4, '35.00'),
(5, '60.00'),
(6, '50.00'),
(7, '45.00'),
(8, '20.00'),
(9, '400.00'),
(10, '40.00'),
(11, '30.00'),
(12, '55.00'),
(13, '15.00'),
(14, '75.00'),
(15, '200.00'),
(16, '80.00'),
(17, '3.00'),
(18, '5.00');

-- --------------------------------------------------------

--
-- Table structure for table `product`
--

CREATE TABLE `product` (
  `id` bigint(20) UNSIGNED NOT NULL,
  `name` varchar(100) COLLATE utf8_bin NOT NULL,
  `description` text COLLATE utf8_bin NOT NULL,
  `label` varchar(50) COLLATE utf8_bin NOT NULL
) ENGINE=InnoDB DEFAULT CHARSET=utf8 COLLATE=utf8_bin;

--
-- Dumping data for table `product`
--

INSERT INTO `product` (`id`, `name`, `description`, `label`) VALUES
(1, '1 Kg', '1 Kg', '1 Kg'),
(2, '1/2 Kg', '1/2 Kg', '1/2 Kg'),
(3, '1/4 Kg ', '1/4 Kg ', '1/4 Kg'),
(4, 'Ex cucurucho', 'NO USAR', 'NO'),
(5, 'Vaso Grande', 'Vaso Nro 65', 'Vaso Grande'),
(6, 'Vaso Mediano', 'Vaso Nro 50', 'Vaso Mediano'),
(7, 'Vaso Chico', 'Vaso Nro. 30', 'Vaso Chico'),
(8, 'Superbocha', 'Bocha simple', 'Superbocha'),
(9, 'Oferta 2Kg', 'Oferta 2Kg', 'Oferta 2Kg'),
(10, 'Cafe', 'Cafe pocillo o jarrito', 'Cafe pocillo o jarrito'),
(11, 'Café con Leche', 'Café con Leche', 'Café con Leche'),
(12, 'J.Naranja exprim.', 'Jugo natural de Naranja exprimida', 'Jugo de Naranja'),
(13, 'Licuado de Banana', 'Licuado de Banana', 'Licuado de Banana'),
(14, 'Topping', 'Topping', 'Topping'),
(15, 'Salsa', 'Salsa', 'Salsa'),
(16, 'Bocha Doble', 'Bocha Doble', 'Bocha Doble'),
(17, 'Cucurucho', 'Cucurucho', 'Cucurucho'),
(18, 'Oferta Cucu x 5', 'Oferta Cucu x 5', 'Oferta Cucu x 5'),
(19, 'Capelina', 'Capelina', 'Capelina'),
(20, 'Milk Shake', 'Milk Shake', 'Milk Shake'),
(21, '+ 2 Kg. Kg. adicional', '+ 2 Kg. Kg. adicional', '+ 2 Kg. Kg. adicional'),
(22, 'Cucurucho solo', 'Cucurucho solo', 'Cucurucho solo'),
(23, 'Vaso solo', 'Vaso solo', 'Vaso solo'),
(24, 'Café c. Leche y 2 M.L.', 'Café c. Leche y 2 M.L.', 'Café c. Leche y 2 M.L.'),
(25, 'Tostado arabe J. y Q.', 'Tostado arabe J. y Q.', 'Tostado arabe J. y Q.'),
(26, 'Paleta', 'Paleta', 'Paleta'),
(27, 'Alfajor Helado', 'Alfajor Helado', 'Alfajor Helado'),
(28, 'Pizza Horno Casero', 'Pizza Horno Casero', 'Pizza Horno Casero'),
(29, 'Pote chico suelto', 'Pote chico suelto', 'Pote chico suelto');

-- --------------------------------------------------------

--
-- Table structure for table `product_price`
--

CREATE TABLE `product_price` (
  `product_id` bigint(20) UNSIGNED NOT NULL,
  `price_id` bigint(20) UNSIGNED NOT NULL,
  `subsidiary_id` int(11) NOT NULL DEFAULT '1',
  `set_date` datetime NOT NULL
) ENGINE=InnoDB DEFAULT CHARSET=utf8 COLLATE=utf8_bin;

--
-- Dumping data for table `product_price`
--

INSERT INTO `product_price` (`product_id`, `price_id`, `subsidiary_id`, `set_date`) VALUES
(1, 1, 1, '2014-12-20 00:33:00'),
(1, 1, 2, '2014-12-20 00:33:00'),
(2, 2, 1, '2014-12-20 15:12:27'),
(2, 2, 2, '2014-12-20 15:12:27'),
(3, 3, 1, '2014-12-20 15:12:27'),
(3, 3, 2, '2014-12-20 15:12:27'),
(4, 4, 2, '2014-12-20 15:12:27'),
(4, 12, 1, '2017-12-24 00:00:00'),
(5, 5, 1, '2014-12-20 15:12:27'),
(5, 5, 2, '2014-12-20 15:12:27'),
(6, 6, 1, '2014-12-20 15:12:27'),
(6, 6, 2, '2014-12-20 15:12:27'),
(7, 7, 1, '2014-12-20 15:12:27'),
(7, 7, 2, '2014-12-20 15:12:27'),
(8, 8, 1, '2014-12-20 15:12:27'),
(8, 8, 2, '2014-12-20 15:12:27'),
(9, 9, 1, '2014-12-20 15:12:27'),
(9, 9, 2, '2014-12-20 15:12:27'),
(10, 10, 1, '2017-12-24 00:00:00'),
(11, 7, 1, '2014-12-20 15:20:05'),
(11, 7, 2, '2014-12-20 15:20:05'),
(12, 6, 1, '2017-12-24 00:00:00'),
(13, 3, 1, '2017-12-24 00:00:00'),
(14, 13, 1, '2017-12-24 00:00:00'),
(14, 13, 2, '2014-12-20 15:20:05'),
(15, 17, 1, '2017-12-24 00:00:00'),
(16, 4, 1, '2017-12-24 00:00:00'),
(17, 3, 1, '2017-12-24 00:00:00'),
(18, 8, 1, '2017-12-28 00:00:00'),
(19, 16, 1, '2017-12-28 00:00:00'),
(20, 14, 1, '2017-12-28 00:00:00'),
(21, 15, 1, '2017-12-28 00:00:00'),
(22, 18, 1, '2017-12-28 00:00:00'),
(23, 17, 1, '2017-12-28 00:00:00'),
(24, 3, 1, '2017-12-28 00:00:00'),
(25, 3, 1, '2017-12-28 00:00:00'),
(26, 7, 1, '2017-12-28 00:00:00'),
(27, 7, 1, '2017-12-28 00:00:00'),
(28, 16, 1, '2017-12-28 00:00:00'),
(29, 18, 1, '2017-12-30 00:00:00');

-- --------------------------------------------------------

--
-- Table structure for table `product_ticket`
--

CREATE TABLE `product_ticket` (
  `product_id` bigint(20) UNSIGNED NOT NULL,
  `ticket_id` bigint(20) UNSIGNED NOT NULL,
  `subsidiary_id` int(11) NOT NULL DEFAULT '1',
  `price_id` bigint(20) UNSIGNED NOT NULL,
  `quantity` int(11) UNSIGNED NOT NULL
) ENGINE=InnoDB DEFAULT CHARSET=utf8 COLLATE=utf8_bin;

--
-- Dumping data for table `product_ticket`
--

INSERT INTO `product_ticket` (`product_id`, `ticket_id`, `subsidiary_id`, `price_id`, `quantity`) VALUES
(1, 12, 1, 1, 1),
(1, 13, 1, 1, 1),
(1, 15, 1, 1, 1),
(1, 18, 1, 1, 1),
(1, 21, 1, 1, 1),
(1, 22, 1, 1, 1),
(1, 23, 1, 1, 1),
(1, 24, 1, 1, 1),
(1, 25, 1, 1, 1),
(1, 26, 1, 1, 1),
(1, 27, 1, 1, 1),
(1, 28, 1, 1, 1),
(1, 35, 1, 1, 1),
(1, 36, 1, 1, 1),
(1, 62, 1, 1, 1),
(1, 63, 1, 1, 1),
(1, 67, 1, 1, 1),
(1, 69, 1, 1, 1),
(1, 75, 1, 1, 1),
(1, 78, 1, 1, 1),
(1, 81, 1, 1, 1),
(1, 87, 1, 1, 1),
(1, 103, 1, 1, 1),
(1, 114, 1, 1, 1),
(1, 133, 1, 1, 1),
(1, 138, 1, 1, 1),
(1, 139, 1, 1, 1),
(1, 142, 1, 1, 1),
(1, 144, 1, 1, 1),
(1, 151, 1, 1, 1),
(1, 158, 1, 1, 1),
(1, 160, 1, 1, 1),
(1, 163, 1, 1, 1),
(1, 179, 1, 1, 1),
(1, 186, 1, 1, 1),
(1, 195, 1, 1, 1),
(1, 196, 1, 1, 1),
(1, 198, 1, 1, 1),
(1, 199, 1, 1, 1),
(1, 201, 1, 1, 1),
(1, 203, 1, 1, 1),
(1, 205, 1, 1, 1),
(1, 206, 1, 1, 1),
(1, 216, 1, 1, 1),
(1, 217, 1, 1, 1),
(1, 220, 1, 1, 1),
(1, 222, 1, 1, 1),
(1, 230, 1, 1, 1),
(1, 231, 1, 1, 1),
(1, 237, 1, 1, 2),
(1, 238, 1, 1, 1),
(1, 240, 1, 1, 1),
(1, 241, 1, 1, 1),
(1, 255, 1, 1, 1),
(1, 271, 1, 1, 1),
(1, 285, 1, 1, 1),
(1, 286, 1, 1, 1),
(1, 317, 1, 1, 1),
(1, 324, 1, 1, 1),
(2, 1, 1, 2, 1),
(2, 2, 1, 2, 1),
(2, 14, 1, 2, 1),
(2, 16, 1, 2, 1),
(2, 18, 1, 2, 1),
(2, 19, 1, 2, 1),
(2, 29, 1, 2, 1),
(2, 30, 1, 2, 1),
(2, 42, 1, 2, 1),
(2, 43, 1, 2, 1),
(2, 61, 1, 2, 1),
(2, 70, 1, 2, 1),
(2, 73, 1, 2, 1),
(2, 77, 1, 2, 1),
(2, 79, 1, 2, 1),
(2, 80, 1, 2, 1),
(2, 82, 1, 2, 1),
(2, 83, 1, 2, 1),
(2, 84, 1, 2, 1),
(2, 89, 1, 2, 1),
(2, 91, 1, 2, 1),
(2, 97, 1, 2, 1),
(2, 102, 1, 2, 1),
(2, 115, 1, 2, 1),
(2, 124, 1, 2, 1),
(2, 130, 1, 2, 1),
(2, 147, 1, 2, 1),
(2, 159, 1, 2, 1),
(2, 163, 1, 2, 1),
(2, 169, 1, 2, 1),
(2, 172, 1, 2, 1),
(2, 187, 1, 2, 1),
(2, 199, 1, 2, 1),
(2, 202, 1, 2, 1),
(2, 204, 1, 2, 1),
(2, 207, 1, 2, 1),
(2, 211, 1, 2, 1),
(2, 223, 1, 2, 1),
(2, 225, 1, 2, 1),
(2, 226, 1, 2, 1),
(2, 229, 1, 2, 1),
(2, 232, 1, 2, 1),
(2, 237, 1, 2, 1),
(2, 248, 1, 2, 1),
(2, 259, 1, 2, 1),
(2, 261, 1, 2, 1),
(2, 265, 1, 2, 1),
(2, 268, 1, 2, 1),
(2, 272, 1, 2, 1),
(2, 273, 1, 2, 1),
(2, 294, 1, 2, 1),
(2, 319, 1, 2, 1),
(2, 329, 1, 2, 1),
(3, 1, 1, 3, 2),
(3, 2, 1, 3, 1),
(3, 4, 1, 3, 7),
(3, 5, 1, 3, 1),
(3, 7, 1, 3, 1),
(3, 17, 1, 3, 1),
(3, 18, 1, 3, 1),
(3, 19, 1, 3, 3),
(3, 47, 1, 3, 1),
(3, 58, 1, 3, 4),
(3, 60, 1, 3, 1),
(3, 64, 1, 3, 1),
(3, 67, 1, 3, 1),
(3, 71, 1, 3, 2),
(3, 72, 1, 3, 2),
(3, 74, 1, 3, 1),
(3, 76, 1, 3, 1),
(3, 88, 1, 3, 1),
(3, 90, 1, 3, 1),
(3, 98, 1, 3, 2),
(3, 100, 1, 3, 2),
(3, 101, 1, 3, 1),
(3, 105, 1, 3, 2),
(3, 106, 1, 3, 2),
(3, 109, 1, 3, 4),
(3, 112, 1, 3, 1),
(3, 116, 1, 3, 4),
(3, 117, 1, 3, 1),
(3, 118, 1, 3, 1),
(3, 120, 1, 3, 1),
(3, 122, 1, 3, 4),
(3, 123, 1, 3, 2),
(3, 128, 1, 3, 3),
(3, 129, 1, 3, 3),
(3, 135, 1, 3, 2),
(3, 136, 1, 3, 1),
(3, 137, 1, 3, 1),
(3, 140, 1, 3, 1),
(3, 141, 1, 3, 1),
(3, 143, 1, 3, 1),
(3, 145, 1, 3, 1),
(3, 148, 1, 3, 1),
(3, 149, 1, 3, 1),
(3, 152, 1, 3, 1),
(3, 153, 1, 3, 2),
(3, 154, 1, 3, 1),
(3, 156, 1, 3, 2),
(3, 157, 1, 3, 1),
(3, 162, 1, 3, 1),
(3, 164, 1, 3, 6),
(3, 165, 1, 3, 1),
(3, 167, 1, 3, 1),
(3, 168, 1, 3, 3),
(3, 174, 1, 3, 1),
(3, 177, 1, 3, 3),
(3, 184, 1, 3, 1),
(3, 189, 1, 3, 2),
(3, 190, 1, 3, 1),
(3, 194, 1, 3, 4),
(3, 201, 1, 3, 1),
(3, 202, 1, 3, 2),
(3, 210, 1, 3, 5),
(3, 211, 1, 3, 2),
(3, 212, 1, 3, 1),
(3, 215, 1, 3, 3),
(3, 219, 1, 3, 1),
(3, 221, 1, 3, 2),
(3, 224, 1, 3, 1),
(3, 233, 1, 3, 1),
(3, 234, 1, 3, 2),
(3, 236, 1, 3, 1),
(3, 243, 1, 3, 1),
(3, 244, 1, 3, 1),
(3, 247, 1, 3, 3),
(3, 249, 1, 3, 1),
(3, 250, 1, 3, 3),
(3, 263, 1, 3, 1),
(3, 267, 1, 3, 1),
(3, 274, 1, 3, 1),
(3, 279, 1, 3, 2),
(3, 280, 1, 3, 2),
(3, 291, 1, 3, 2),
(3, 292, 1, 3, 1),
(3, 293, 1, 3, 3),
(3, 296, 1, 3, 4),
(3, 299, 1, 3, 3),
(3, 300, 1, 3, 2),
(3, 301, 1, 3, 1),
(3, 302, 1, 3, 3),
(3, 306, 1, 3, 1),
(3, 307, 1, 3, 1),
(3, 311, 1, 3, 1),
(3, 313, 1, 3, 1),
(3, 315, 1, 3, 1),
(3, 320, 1, 3, 1),
(3, 323, 1, 3, 3),
(3, 326, 1, 3, 2),
(3, 328, 1, 3, 1),
(3, 330, 1, 3, 1),
(3, 337, 1, 3, 1),
(3, 338, 1, 3, 1),
(3, 339, 1, 3, 1),
(3, 341, 1, 3, 2),
(3, 342, 1, 3, 1),
(4, 2, 1, 4, 1),
(4, 4, 1, 4, 2),
(4, 5, 1, 4, 1),
(4, 7, 1, 4, 2),
(4, 12, 1, 4, 1),
(5, 1, 1, 5, 2),
(5, 4, 1, 5, 1),
(5, 5, 1, 5, 1),
(5, 8, 1, 5, 2),
(5, 12, 1, 5, 1),
(5, 18, 1, 5, 1),
(5, 19, 1, 5, 3),
(5, 155, 1, 5, 1),
(5, 308, 1, 5, 1),
(5, 318, 1, 5, 3),
(5, 328, 1, 5, 1),
(6, 2, 1, 6, 5),
(6, 5, 1, 6, 3),
(6, 6, 1, 6, 2),
(6, 7, 1, 6, 1),
(6, 13, 1, 6, 1),
(6, 18, 1, 6, 1),
(6, 19, 1, 6, 2),
(6, 85, 1, 6, 2),
(6, 86, 1, 6, 2),
(6, 118, 1, 6, 1),
(6, 131, 1, 6, 2),
(6, 149, 1, 6, 1),
(6, 175, 1, 6, 2),
(6, 176, 1, 6, 1),
(6, 181, 1, 6, 1),
(6, 238, 1, 6, 1),
(6, 266, 1, 6, 1),
(6, 278, 1, 6, 1),
(6, 283, 1, 6, 4),
(6, 284, 1, 6, 2),
(6, 288, 1, 6, 5),
(6, 304, 1, 6, 4),
(6, 322, 1, 6, 1),
(6, 332, 1, 6, 1),
(6, 342, 1, 6, 2),
(7, 2, 1, 7, 2),
(7, 5, 1, 7, 1),
(7, 6, 1, 7, 2),
(7, 9, 1, 7, 1),
(7, 10, 1, 7, 1),
(7, 18, 1, 7, 1),
(7, 19, 1, 7, 2),
(7, 32, 1, 7, 1),
(7, 37, 1, 7, 1),
(7, 44, 1, 7, 1),
(7, 66, 1, 7, 1),
(7, 92, 1, 7, 2),
(7, 104, 1, 7, 1),
(7, 112, 1, 7, 1),
(7, 113, 1, 7, 1),
(7, 171, 1, 7, 1),
(7, 185, 1, 7, 1),
(7, 239, 1, 7, 1),
(7, 264, 1, 7, 1),
(7, 276, 1, 7, 2),
(7, 290, 1, 7, 1),
(7, 298, 1, 7, 2),
(7, 314, 1, 7, 7),
(7, 335, 1, 7, 1),
(8, 5, 1, 8, 1),
(8, 9, 1, 8, 1),
(8, 18, 1, 8, 1),
(8, 92, 1, 8, 1),
(8, 99, 1, 8, 2),
(8, 100, 1, 8, 1),
(8, 103, 1, 8, 1),
(8, 113, 1, 8, 1),
(8, 134, 1, 8, 1),
(8, 144, 1, 8, 1),
(8, 149, 1, 8, 2),
(8, 150, 1, 8, 1),
(8, 171, 1, 8, 1),
(8, 182, 1, 8, 2),
(8, 197, 1, 8, 1),
(8, 209, 1, 8, 2),
(8, 242, 1, 8, 1),
(8, 251, 1, 8, 2),
(8, 256, 1, 8, 1),
(8, 270, 1, 8, 1),
(8, 275, 1, 8, 1),
(8, 282, 1, 8, 2),
(8, 292, 1, 8, 1),
(8, 301, 1, 8, 1),
(8, 312, 1, 8, 1),
(8, 316, 1, 8, 3),
(8, 318, 1, 8, 2),
(8, 325, 1, 8, 2),
(8, 331, 1, 8, 1),
(8, 333, 1, 8, 4),
(8, 334, 1, 8, 1),
(9, 2, 1, 9, 1),
(9, 9, 1, 9, 1),
(9, 93, 1, 9, 1),
(9, 125, 1, 9, 1),
(9, 161, 1, 9, 1),
(9, 178, 1, 9, 1),
(9, 180, 1, 9, 1),
(9, 183, 1, 9, 1),
(9, 188, 1, 9, 1),
(9, 191, 1, 9, 1),
(9, 200, 1, 9, 1),
(9, 208, 1, 9, 1),
(9, 209, 1, 9, 1),
(9, 213, 1, 9, 1),
(9, 214, 1, 9, 1),
(9, 227, 1, 9, 1),
(9, 228, 1, 9, 1),
(9, 229, 1, 9, 1),
(9, 235, 1, 9, 1),
(9, 262, 1, 9, 1),
(9, 296, 1, 9, 2),
(10, 2, 1, 8, 1),
(10, 5, 1, 8, 2),
(10, 9, 1, 8, 1),
(10, 11, 1, 8, 1),
(10, 17, 1, 8, 1),
(10, 31, 1, 10, 1),
(10, 33, 1, 10, 1),
(10, 34, 1, 10, 1),
(10, 41, 1, 10, 1),
(10, 45, 1, 10, 1),
(10, 49, 1, 10, 1),
(10, 52, 1, 10, 1),
(10, 57, 1, 10, 1),
(10, 119, 1, 10, 2),
(11, 3, 1, 7, 1),
(11, 9, 1, 7, 1),
(11, 19, 1, 7, 5),
(12, 245, 1, 6, 1),
(13, 4, 1, 10, 34),
(13, 10, 1, 10, 1),
(13, 20, 1, 3, 1),
(14, 4, 1, 11, 2),
(14, 10, 1, 11, 2),
(14, 20, 1, 13, 1),
(14, 174, 1, 13, 1),
(14, 177, 1, 13, 1),
(14, 237, 1, 13, 2),
(14, 295, 1, 13, 1),
(15, 4, 1, 12, 15),
(15, 10, 1, 12, 1),
(15, 20, 1, 17, 1),
(15, 71, 1, 17, 1),
(15, 91, 1, 17, 1),
(15, 99, 1, 17, 1),
(15, 121, 1, 17, 2),
(15, 126, 1, 17, 5),
(15, 150, 1, 17, 2),
(15, 257, 1, 17, 1),
(15, 260, 1, 17, 1),
(15, 269, 1, 17, 1),
(15, 277, 1, 17, 1),
(15, 281, 1, 17, 1),
(15, 305, 1, 17, 1),
(16, 13, 1, 10, 1),
(16, 20, 1, 4, 1),
(16, 39, 1, 4, 1),
(16, 40, 1, 4, 1),
(16, 46, 1, 4, 1),
(16, 48, 1, 4, 1),
(16, 50, 1, 4, 1),
(16, 51, 1, 4, 1),
(16, 53, 1, 4, 1),
(16, 54, 1, 4, 1),
(16, 55, 1, 4, 1),
(16, 56, 1, 4, 1),
(16, 59, 1, 4, 1),
(16, 65, 1, 4, 2),
(16, 67, 1, 4, 2),
(16, 68, 1, 4, 2),
(16, 76, 1, 4, 1),
(16, 84, 1, 4, 2),
(16, 94, 1, 4, 1),
(16, 95, 1, 4, 2),
(16, 96, 1, 4, 1),
(16, 100, 1, 4, 1),
(16, 104, 1, 4, 1),
(16, 107, 1, 4, 1),
(16, 108, 1, 4, 4),
(16, 110, 1, 4, 1),
(16, 111, 1, 4, 1),
(16, 117, 1, 4, 2),
(16, 146, 1, 4, 2),
(16, 150, 1, 4, 1),
(16, 156, 1, 4, 2),
(16, 157, 1, 4, 1),
(16, 170, 1, 4, 4),
(16, 173, 1, 4, 2),
(16, 174, 1, 4, 1),
(16, 193, 1, 4, 1),
(16, 246, 1, 4, 5),
(16, 252, 1, 4, 1),
(16, 253, 1, 4, 3),
(16, 254, 1, 4, 1),
(16, 258, 1, 4, 1),
(16, 287, 1, 4, 3),
(16, 303, 1, 4, 1),
(16, 310, 1, 4, 3),
(16, 321, 1, 4, 1),
(16, 327, 1, 4, 1),
(16, 343, 1, 4, 2),
(16, 344, 1, 4, 1),
(17, 19, 1, 12, 5),
(17, 38, 1, 12, 1),
(17, 101, 1, 3, 1),
(17, 106, 1, 3, 1),
(17, 127, 1, 3, 3),
(17, 132, 1, 3, 2),
(17, 192, 1, 3, 1),
(17, 309, 1, 3, 2),
(17, 340, 1, 3, 1),
(18, 218, 1, 8, 1),
(18, 297, 1, 8, 3),
(20, 193, 1, 14, 1),
(21, 161, 1, 15, 1),
(21, 229, 1, 15, 1),
(22, 294, 1, 18, 2),
(26, 106, 1, 6, 1),
(26, 192, 1, 6, 1),
(26, 289, 1, 7, 1),
(26, 290, 1, 7, 1),
(26, 331, 1, 7, 1),
(26, 336, 1, 7, 2),
(27, 183, 1, 6, 2),
(29, 166, 1, 18, 7);

-- --------------------------------------------------------

--
-- Table structure for table `quick_access`
--

CREATE TABLE `quick_access` (
  `product_id` bigint(11) UNSIGNED NOT NULL,
  `position` int(11) NOT NULL,
  `group` int(11) UNSIGNED NOT NULL
) ENGINE=InnoDB DEFAULT CHARSET=utf8 COLLATE=utf8_bin;

--
-- Dumping data for table `quick_access`
--

INSERT INTO `quick_access` (`product_id`, `position`, `group`) VALUES
(1, 7, 1),
(2, 4, 1),
(3, 1, 1),
(5, 8, 1),
(6, 5, 1),
(7, 2, 1),
(8, 0, 1),
(9, 9, 1),
(10, 9, 2),
(11, 2, 2),
(12, 5, 2),
(13, 4, 2),
(14, 6, 1),
(15, 6, 2),
(16, -1, 1),
(17, -1, 1),
(18, -1, 2),
(19, 7, 2),
(20, 8, 2),
(21, 0, 2),
(22, 0, 2),
(23, 3, 2),
(24, -1, 1),
(25, 0, 1),
(26, 3, 1),
(27, 1, 2),
(28, -1, 2),
(29, -1, 2);

-- --------------------------------------------------------

--
-- Table structure for table `subsidiary`
--

CREATE TABLE `subsidiary` (
  `id` int(11) NOT NULL,
  `description` varchar(150) COLLATE utf8_bin NOT NULL,
  `address` varchar(150) COLLATE utf8_bin NOT NULL
) ENGINE=InnoDB DEFAULT CHARSET=utf8 COLLATE=utf8_bin;

--
-- Dumping data for table `subsidiary`
--

INSERT INTO `subsidiary` (`id`, `description`, `address`) VALUES
(1, 'Central MDA Sur', 'Brown 67'),
(2, 'Sucursal MDA Centro ', 'N/A');

-- --------------------------------------------------------

--
-- Table structure for table `ticket`
--

CREATE TABLE `ticket` (
  `id` bigint(20) UNSIGNED NOT NULL,
  `subsidiary_id` int(11) NOT NULL DEFAULT '1',
  `printed_number` int(11) NOT NULL,
  `date_time` datetime NOT NULL
) ENGINE=InnoDB DEFAULT CHARSET=utf8 COLLATE=utf8_bin;

--
-- Dumping data for table `ticket`
--

INSERT INTO `ticket` (`id`, `subsidiary_id`, `printed_number`, `date_time`) VALUES
(1, 1, 100, '2017-12-10 23:22:12'),
(2, 1, 100, '2017-12-11 01:24:17'),
(3, 1, 100, '2017-12-11 01:25:05'),
(4, 1, 100, '2017-12-11 21:13:51'),
(5, 1, 100, '2017-12-12 00:09:56'),
(6, 1, 100, '2017-12-12 00:10:22'),
(7, 1, 100, '2017-12-12 00:10:24'),
(8, 1, 100, '2017-12-12 00:10:26'),
(9, 1, 100, '2017-12-12 00:12:04'),
(10, 1, 100, '2017-12-12 00:12:22'),
(11, 1, 100, '2017-12-14 19:40:12'),
(12, 1, 100, '2017-12-14 19:43:12'),
(13, 1, 100, '2017-12-14 19:53:39'),
(14, 1, 100, '2017-12-14 20:05:49'),
(15, 1, 100, '2017-12-14 20:07:04'),
(16, 1, 100, '2017-12-14 20:10:46'),
(17, 1, 100, '2017-12-14 20:19:50'),
(18, 1, 100, '2017-12-24 11:01:08'),
(19, 1, 100, '2017-12-24 14:33:56'),
(20, 1, 100, '2017-12-24 14:34:10'),
(21, 1, 100, '2017-12-24 18:36:32'),
(22, 1, 100, '2017-12-24 18:37:29'),
(23, 1, 100, '2017-12-24 18:38:27'),
(24, 1, 100, '2017-12-24 18:38:51'),
(25, 1, 100, '2017-12-24 18:40:12'),
(26, 1, 100, '2017-12-24 18:46:34'),
(27, 1, 100, '2017-12-24 18:47:51'),
(28, 1, 100, '2017-12-24 18:48:39'),
(29, 1, 100, '2017-12-24 18:48:57'),
(30, 1, 100, '2017-12-24 18:49:07'),
(31, 1, 100, '2017-12-24 18:50:16'),
(32, 1, 100, '2017-12-24 18:50:27'),
(33, 1, 100, '2017-12-24 18:53:11'),
(34, 1, 100, '2017-12-24 18:54:25'),
(35, 1, 100, '2017-12-24 19:07:55'),
(36, 1, 100, '2017-12-24 19:17:50'),
(37, 1, 100, '2017-12-24 19:42:10'),
(38, 1, 100, '2017-12-24 19:43:27'),
(39, 1, 100, '2017-12-24 19:45:13'),
(40, 1, 100, '2017-12-24 19:45:47'),
(41, 1, 100, '2017-12-24 19:51:41'),
(42, 1, 100, '2017-12-24 20:02:52'),
(43, 1, 100, '2017-12-24 20:06:34'),
(44, 1, 100, '2017-12-24 21:06:54'),
(45, 1, 100, '2017-12-25 00:17:27'),
(46, 1, 100, '2017-12-25 01:37:10'),
(47, 1, 100, '2017-12-25 01:39:07'),
(48, 1, 100, '2017-12-26 11:11:04'),
(49, 1, 100, '2017-12-26 11:21:57'),
(50, 1, 100, '2017-12-26 11:55:17'),
(51, 1, 100, '2017-12-26 11:56:12'),
(52, 1, 100, '2017-12-26 12:02:17'),
(53, 1, 100, '2017-12-26 20:42:16'),
(54, 1, 100, '2017-12-26 20:42:47'),
(55, 1, 100, '2017-12-26 20:43:11'),
(56, 1, 100, '2017-12-26 20:43:19'),
(57, 1, 100, '2017-12-26 20:48:41'),
(58, 1, 100, '2017-12-26 21:01:29'),
(59, 1, 100, '2017-12-26 21:18:24'),
(60, 1, 100, '2017-12-26 21:45:42'),
(61, 1, 100, '2017-12-26 21:58:20'),
(62, 1, 100, '2017-12-27 13:15:45'),
(63, 1, 100, '2017-12-27 13:39:15'),
(64, 1, 100, '2017-12-27 20:14:11'),
(65, 1, 100, '2017-12-27 22:47:26'),
(66, 1, 100, '2017-12-28 19:38:27'),
(67, 1, 100, '2017-12-28 19:39:24'),
(68, 1, 100, '2017-12-28 19:48:52'),
(69, 1, 100, '2017-12-28 20:08:56'),
(70, 1, 100, '2017-12-28 20:23:48'),
(71, 1, 100, '2017-12-28 20:41:40'),
(72, 1, 100, '2017-12-28 20:57:51'),
(73, 1, 100, '2017-12-28 21:24:00'),
(74, 1, 100, '2017-12-28 21:45:40'),
(75, 1, 100, '2017-12-28 22:03:35'),
(76, 1, 100, '2017-12-28 22:04:06'),
(77, 1, 100, '2017-12-28 22:04:27'),
(78, 1, 100, '2017-12-28 22:15:23'),
(79, 1, 100, '2017-12-28 22:17:00'),
(80, 1, 100, '2017-12-28 22:17:33'),
(81, 1, 100, '2017-12-28 22:37:22'),
(82, 1, 100, '2017-12-28 22:45:11'),
(83, 1, 100, '2017-12-28 22:49:42'),
(84, 1, 100, '2017-12-28 23:10:04'),
(85, 1, 100, '2017-12-28 23:29:00'),
(86, 1, 100, '2017-12-28 23:35:25'),
(87, 1, 100, '2017-12-28 23:50:36'),
(88, 1, 100, '2017-12-29 12:38:41'),
(89, 1, 100, '2017-12-29 13:53:33'),
(90, 1, 100, '2017-12-29 18:30:56'),
(91, 1, 100, '2017-12-29 18:52:52'),
(92, 1, 100, '2017-12-29 18:57:00'),
(93, 1, 100, '2017-12-29 20:00:20'),
(94, 1, 100, '2017-12-29 20:03:14'),
(95, 1, 100, '2017-12-29 20:04:04'),
(96, 1, 100, '2017-12-29 20:04:42'),
(97, 1, 100, '2017-12-29 20:28:51'),
(98, 1, 100, '2017-12-29 20:33:26'),
(99, 1, 100, '2017-12-29 21:05:50'),
(100, 1, 100, '2017-12-29 21:35:37'),
(101, 1, 100, '2017-12-29 21:36:45'),
(102, 1, 100, '2017-12-29 21:40:49'),
(103, 1, 100, '2017-12-29 21:42:25'),
(104, 1, 100, '2017-12-29 22:05:40'),
(105, 1, 100, '2017-12-29 22:06:10'),
(106, 1, 100, '2017-12-29 22:07:15'),
(107, 1, 100, '2017-12-29 22:10:08'),
(108, 1, 100, '2017-12-29 22:15:29'),
(109, 1, 100, '2017-12-29 22:17:17'),
(110, 1, 100, '2017-12-29 22:19:47'),
(111, 1, 100, '2017-12-29 22:19:58'),
(112, 1, 100, '2017-12-29 22:20:59'),
(113, 1, 100, '2017-12-29 22:30:17'),
(114, 1, 100, '2017-12-29 22:31:04'),
(115, 1, 100, '2017-12-29 22:31:34'),
(116, 1, 100, '2017-12-29 22:33:07'),
(117, 1, 100, '2017-12-29 22:37:00'),
(118, 1, 100, '2017-12-29 22:39:00'),
(119, 1, 100, '2017-12-29 22:40:22'),
(120, 1, 100, '2017-12-29 22:41:03'),
(121, 1, 100, '2017-12-29 22:46:23'),
(122, 1, 100, '2017-12-29 22:55:41'),
(123, 1, 100, '2017-12-29 23:02:33'),
(124, 1, 100, '2017-12-29 23:03:34'),
(125, 1, 100, '2017-12-29 23:05:53'),
(126, 1, 100, '2017-12-29 23:10:08'),
(127, 1, 100, '2017-12-29 23:13:34'),
(128, 1, 100, '2017-12-29 23:14:35'),
(129, 1, 100, '2017-12-29 23:20:09'),
(130, 1, 100, '2017-12-29 23:24:16'),
(131, 1, 100, '2017-12-29 23:26:10'),
(132, 1, 100, '2017-12-29 23:34:47'),
(133, 1, 100, '2017-12-29 23:35:26'),
(134, 1, 100, '2017-12-29 23:38:13'),
(135, 1, 100, '2017-12-29 23:38:46'),
(136, 1, 100, '2017-12-29 23:43:39'),
(137, 1, 100, '2017-12-29 23:45:46'),
(138, 1, 100, '2017-12-30 11:49:52'),
(139, 1, 100, '2017-12-30 11:50:07'),
(140, 1, 100, '2017-12-30 12:17:32'),
(141, 1, 100, '2017-12-30 12:22:05'),
(142, 1, 100, '2017-12-30 12:58:52'),
(143, 1, 100, '2017-12-30 13:15:20'),
(144, 1, 100, '2017-12-30 13:24:38'),
(145, 1, 100, '2017-12-30 13:45:55'),
(146, 1, 100, '2017-12-30 13:48:59'),
(147, 1, 100, '2017-12-30 13:59:36'),
(148, 1, 100, '2017-12-30 14:02:12'),
(149, 1, 100, '2017-12-30 14:14:56'),
(150, 1, 100, '2017-12-30 14:21:29'),
(151, 1, 100, '2017-12-30 18:02:56'),
(152, 1, 100, '2017-12-30 18:23:45'),
(153, 1, 100, '2017-12-30 18:49:03'),
(154, 1, 100, '2017-12-30 19:23:05'),
(155, 1, 100, '2017-12-30 19:25:06'),
(156, 1, 100, '2017-12-30 20:14:15'),
(157, 1, 100, '2017-12-30 20:34:47'),
(158, 1, 100, '2017-12-30 20:39:47'),
(159, 1, 100, '2017-12-30 20:50:23'),
(160, 1, 100, '2017-12-30 20:56:21'),
(161, 1, 100, '2017-12-30 20:58:01'),
(162, 1, 100, '2017-12-30 21:09:29'),
(163, 1, 100, '2017-12-30 21:16:33'),
(164, 1, 100, '2017-12-30 21:25:00'),
(165, 1, 100, '2017-12-30 21:28:04'),
(166, 1, 100, '2017-12-30 21:32:34'),
(167, 1, 100, '2017-12-30 21:43:55'),
(168, 1, 100, '2017-12-30 22:04:22'),
(169, 1, 100, '2017-12-30 22:13:03'),
(170, 1, 100, '2017-12-30 22:35:06'),
(171, 1, 100, '2017-12-30 22:41:05'),
(172, 1, 100, '2017-12-30 22:52:04'),
(173, 1, 100, '2017-12-30 23:12:38'),
(174, 1, 100, '2017-12-30 23:20:01'),
(175, 1, 100, '2017-12-30 23:24:17'),
(176, 1, 100, '2017-12-30 23:25:14'),
(177, 1, 100, '2017-12-30 23:33:57'),
(178, 1, 100, '2017-12-30 23:34:32'),
(179, 1, 100, '2017-12-30 23:34:42'),
(180, 1, 100, '2017-12-30 23:34:58'),
(181, 1, 100, '2017-12-30 23:38:05'),
(182, 1, 100, '2017-12-30 23:38:25'),
(183, 1, 100, '2017-12-31 11:44:18'),
(184, 1, 100, '2017-12-31 11:59:22'),
(185, 1, 100, '2017-12-31 12:00:10'),
(186, 1, 100, '2017-12-31 12:34:34'),
(187, 1, 100, '2017-12-31 12:40:54'),
(188, 1, 100, '2017-12-31 12:59:14'),
(189, 1, 100, '2017-12-31 13:11:01'),
(190, 1, 100, '2017-12-31 13:20:18'),
(191, 1, 100, '2017-12-31 13:59:48'),
(192, 1, 100, '2017-12-31 14:22:21'),
(193, 1, 100, '2017-12-31 14:23:16'),
(194, 1, 100, '2017-12-31 14:25:07'),
(195, 1, 100, '2017-12-31 15:01:56'),
(196, 1, 100, '2017-12-31 18:37:52'),
(197, 1, 100, '2017-12-31 18:50:32'),
(198, 1, 100, '2017-12-31 18:51:14'),
(199, 1, 100, '2017-12-31 18:52:10'),
(200, 1, 100, '2017-12-31 18:53:20'),
(201, 1, 100, '2017-12-31 18:54:20'),
(202, 1, 100, '2017-12-31 18:56:01'),
(203, 1, 100, '2017-12-31 18:56:43'),
(204, 1, 100, '2017-12-31 18:57:38'),
(205, 1, 100, '2017-12-31 19:01:36'),
(206, 1, 100, '2017-12-31 19:05:17'),
(207, 1, 100, '2017-12-31 19:06:41'),
(208, 1, 100, '2017-12-31 19:07:38'),
(209, 1, 100, '2017-12-31 19:12:59'),
(210, 1, 100, '2017-12-31 19:31:40'),
(211, 1, 100, '2017-12-31 19:43:29'),
(212, 1, 100, '2017-12-31 19:44:07'),
(213, 1, 100, '2017-12-31 19:46:26'),
(214, 1, 100, '2017-12-31 20:08:03'),
(215, 1, 100, '2017-12-31 20:12:33'),
(216, 1, 100, '2017-12-31 20:13:17'),
(217, 1, 100, '2017-12-31 20:16:03'),
(218, 1, 100, '2017-12-31 20:16:23'),
(219, 1, 100, '2017-12-31 20:18:40'),
(220, 1, 100, '2017-12-31 20:30:17'),
(221, 1, 100, '2017-12-31 20:31:14'),
(222, 1, 100, '2017-12-31 20:40:04'),
(223, 1, 100, '2017-12-31 20:56:50'),
(224, 1, 100, '2017-12-31 21:05:56'),
(225, 1, 100, '2017-12-31 21:12:00'),
(226, 1, 100, '2017-12-31 21:17:13'),
(227, 1, 100, '2017-12-31 21:21:03'),
(228, 1, 100, '2017-12-31 21:22:48'),
(229, 1, 100, '2017-12-31 21:24:13'),
(230, 1, 100, '2017-12-31 21:25:05'),
(231, 1, 100, '2017-12-31 21:35:28'),
(232, 1, 100, '2017-12-31 21:37:54'),
(233, 1, 100, '2017-12-31 22:04:47'),
(234, 1, 100, '2017-12-31 22:16:39'),
(235, 1, 100, '2017-12-31 22:20:16'),
(236, 1, 100, '2017-12-31 23:06:32'),
(237, 1, 100, '2017-12-31 23:07:15'),
(238, 1, 100, '2017-12-31 23:47:29'),
(239, 1, 100, '2018-01-01 13:54:56'),
(240, 1, 100, '2018-01-01 14:07:28'),
(241, 1, 100, '2018-01-01 14:07:55'),
(242, 1, 100, '2018-01-01 14:12:34'),
(243, 1, 100, '2018-01-01 14:19:46'),
(244, 1, 100, '2018-01-01 14:26:20'),
(245, 1, 100, '2018-01-01 14:33:32'),
(246, 1, 100, '2018-01-01 18:45:23'),
(247, 1, 100, '2018-01-01 18:52:01'),
(248, 1, 100, '2018-01-01 18:53:04'),
(249, 1, 100, '2018-01-01 18:54:08'),
(250, 1, 100, '2018-01-01 19:04:41'),
(251, 1, 100, '2018-01-01 19:20:36'),
(252, 1, 100, '2018-01-01 19:23:46'),
(253, 1, 100, '2018-01-01 19:30:23'),
(254, 1, 100, '2018-01-01 19:33:20'),
(255, 1, 100, '2018-01-01 19:37:47'),
(256, 1, 100, '2018-01-01 19:46:34'),
(257, 1, 100, '2018-01-01 19:48:17'),
(258, 1, 100, '2018-01-01 19:50:16'),
(259, 1, 100, '2018-01-01 19:50:39'),
(260, 1, 100, '2018-01-01 19:54:32'),
(261, 1, 100, '2018-01-01 20:14:50'),
(262, 1, 100, '2018-01-01 20:25:43'),
(263, 1, 100, '2018-01-01 20:26:07'),
(264, 1, 100, '2018-01-01 20:32:08'),
(265, 1, 100, '2018-01-01 20:34:04'),
(266, 1, 100, '2018-01-01 20:49:44'),
(267, 1, 100, '2018-01-01 20:54:59'),
(268, 1, 100, '2018-01-01 20:59:03'),
(269, 1, 100, '2018-01-01 21:01:50'),
(270, 1, 100, '2018-01-01 21:11:51'),
(271, 1, 100, '2018-01-01 21:15:12'),
(272, 1, 100, '2018-01-01 21:18:03'),
(273, 1, 100, '2018-01-01 21:30:32'),
(274, 1, 100, '2018-01-01 21:45:10'),
(275, 1, 100, '2018-01-01 21:56:04'),
(276, 1, 100, '2018-01-01 22:00:01'),
(277, 1, 100, '2018-01-01 22:01:37'),
(278, 1, 100, '2018-01-01 22:01:53'),
(279, 1, 100, '2018-01-01 22:08:55'),
(280, 1, 100, '2018-01-01 22:10:34'),
(281, 1, 100, '2018-01-01 22:15:16'),
(282, 1, 100, '2018-01-01 22:20:01'),
(283, 1, 100, '2018-01-01 22:22:37'),
(284, 1, 100, '2018-01-01 22:54:49'),
(285, 1, 100, '2018-01-01 22:58:09'),
(286, 1, 100, '2018-01-01 23:01:12'),
(287, 1, 100, '2018-01-01 23:02:48'),
(288, 1, 100, '2018-01-01 23:04:55'),
(289, 1, 100, '2018-01-01 23:05:45'),
(290, 1, 100, '2018-01-01 23:07:23'),
(291, 1, 100, '2018-01-01 23:08:20'),
(292, 1, 100, '2018-01-01 23:13:03'),
(293, 1, 100, '2018-01-01 23:17:57'),
(294, 1, 100, '2018-01-01 23:22:34'),
(295, 1, 100, '2018-01-01 23:24:38'),
(296, 1, 100, '2018-01-01 23:34:31'),
(297, 1, 100, '2018-01-01 23:35:17'),
(298, 1, 100, '2018-01-01 23:36:25'),
(299, 1, 100, '2018-01-01 23:37:55'),
(300, 1, 100, '2018-01-01 23:52:18'),
(301, 1, 100, '2018-01-01 23:52:38'),
(302, 1, 100, '2018-01-01 23:53:38'),
(303, 1, 100, '2018-01-01 23:55:10'),
(304, 1, 100, '2018-01-01 23:57:09'),
(305, 1, 100, '2018-01-01 23:58:28'),
(306, 1, 100, '2018-01-01 23:59:27'),
(307, 1, 100, '2018-01-02 00:00:04'),
(308, 1, 100, '2018-01-02 00:00:58'),
(309, 1, 100, '2018-01-02 00:04:26'),
(310, 1, 100, '2018-01-02 00:12:03'),
(311, 1, 100, '2018-01-02 00:12:46'),
(312, 1, 100, '2018-01-02 00:13:30'),
(313, 1, 100, '2018-01-02 00:13:47'),
(314, 1, 100, '2018-01-02 00:26:44'),
(315, 1, 100, '2018-01-02 00:27:53'),
(316, 1, 100, '2018-01-02 11:13:36'),
(317, 1, 100, '2018-01-02 12:26:48'),
(318, 1, 100, '2018-01-02 12:49:14'),
(319, 1, 100, '2018-01-02 13:26:30'),
(320, 1, 100, '2018-01-02 13:49:18'),
(321, 1, 100, '2018-01-02 14:08:19'),
(322, 1, 100, '2018-01-02 14:16:00'),
(323, 1, 100, '2018-01-02 14:34:58'),
(324, 1, 100, '2018-01-02 14:35:06'),
(325, 1, 100, '2018-01-02 14:36:31'),
(326, 1, 100, '2018-01-02 14:47:13'),
(327, 1, 100, '2018-01-02 14:54:06'),
(328, 1, 100, '2018-01-02 14:55:53'),
(329, 1, 100, '2018-01-02 15:01:31'),
(330, 1, 100, '2018-01-02 15:07:28'),
(331, 1, 100, '2018-01-02 15:12:31'),
(332, 1, 100, '2018-01-02 15:17:28'),
(333, 1, 100, '2018-01-02 15:20:58'),
(334, 1, 100, '2018-01-02 15:25:58'),
(335, 1, 100, '2018-01-02 15:33:45'),
(336, 1, 100, '2018-01-02 15:44:11'),
(337, 1, 100, '2018-01-02 15:44:50'),
(338, 1, 100, '2018-01-02 15:49:21'),
(339, 1, 100, '2018-01-02 15:49:42'),
(340, 1, 100, '2018-01-02 15:50:03'),
(341, 1, 100, '2018-01-02 15:58:10'),
(342, 1, 100, '2018-01-02 16:23:20'),
(343, 1, 100, '2018-01-02 16:28:56'),
(344, 1, 100, '2018-01-02 16:29:12');

-- --------------------------------------------------------

--
-- Table structure for table `wifi_password`
--

CREATE TABLE `wifi_password` (
  `id` int(11) NOT NULL,
  `date` date NOT NULL,
  `password` varchar(100) COLLATE utf8_bin NOT NULL
) ENGINE=InnoDB DEFAULT CHARSET=utf8 COLLATE=utf8_bin;

--
-- Dumping data for table `wifi_password`
--

INSERT INTO `wifi_password` (`id`, `date`, `password`) VALUES
(1, '2015-12-08', 'amores1234');

--
-- Indexes for dumped tables
--

--
-- Indexes for table `price`
--
ALTER TABLE `price`
  ADD PRIMARY KEY (`id`);

--
-- Indexes for table `product`
--
ALTER TABLE `product`
  ADD PRIMARY KEY (`id`),
  ADD UNIQUE KEY `id` (`id`);

--
-- Indexes for table `product_price`
--
ALTER TABLE `product_price`
  ADD PRIMARY KEY (`product_id`,`price_id`,`subsidiary_id`),
  ADD UNIQUE KEY `date` (`product_id`,`price_id`,`subsidiary_id`,`set_date`),
  ADD KEY `price_id` (`price_id`),
  ADD KEY `subsidiary_id` (`subsidiary_id`);

--
-- Indexes for table `product_ticket`
--
ALTER TABLE `product_ticket`
  ADD PRIMARY KEY (`product_id`,`ticket_id`,`price_id`,`subsidiary_id`),
  ADD KEY `ticket_id` (`ticket_id`),
  ADD KEY `price_id` (`price_id`),
  ADD KEY `subsidiary_id` (`subsidiary_id`);

--
-- Indexes for table `quick_access`
--
ALTER TABLE `quick_access`
  ADD PRIMARY KEY (`product_id`,`position`,`group`);

--
-- Indexes for table `subsidiary`
--
ALTER TABLE `subsidiary`
  ADD PRIMARY KEY (`id`);

--
-- Indexes for table `ticket`
--
ALTER TABLE `ticket`
  ADD PRIMARY KEY (`id`,`subsidiary_id`),
  ADD KEY `subsidiary_id` (`subsidiary_id`);

--
-- Indexes for table `wifi_password`
--
ALTER TABLE `wifi_password`
  ADD PRIMARY KEY (`id`);

--
-- AUTO_INCREMENT for dumped tables
--

--
-- AUTO_INCREMENT for table `price`
--
ALTER TABLE `price`
  MODIFY `id` bigint(20) UNSIGNED NOT NULL AUTO_INCREMENT, AUTO_INCREMENT=19;
--
-- AUTO_INCREMENT for table `product`
--
ALTER TABLE `product`
  MODIFY `id` bigint(20) UNSIGNED NOT NULL AUTO_INCREMENT, AUTO_INCREMENT=30;
--
-- AUTO_INCREMENT for table `ticket`
--
ALTER TABLE `ticket`
  MODIFY `id` bigint(20) UNSIGNED NOT NULL AUTO_INCREMENT, AUTO_INCREMENT=345;
--
-- AUTO_INCREMENT for table `wifi_password`
--
ALTER TABLE `wifi_password`
  MODIFY `id` int(11) NOT NULL AUTO_INCREMENT, AUTO_INCREMENT=2;
--
-- Constraints for dumped tables
--

--
-- Constraints for table `product_price`
--
ALTER TABLE `product_price`
  ADD CONSTRAINT `product_price_ibfk_1` FOREIGN KEY (`product_id`) REFERENCES `product` (`id`) ON UPDATE CASCADE,
  ADD CONSTRAINT `product_price_ibfk_2` FOREIGN KEY (`price_id`) REFERENCES `price` (`id`) ON UPDATE CASCADE,
  ADD CONSTRAINT `product_price_ibfk_3` FOREIGN KEY (`subsidiary_id`) REFERENCES `subsidiary` (`id`) ON UPDATE CASCADE;

--
-- Constraints for table `product_ticket`
--
ALTER TABLE `product_ticket`
  ADD CONSTRAINT `product_ticket_ibfk_1` FOREIGN KEY (`price_id`) REFERENCES `price` (`id`) ON UPDATE CASCADE,
  ADD CONSTRAINT `product_ticket_ibfk_2` FOREIGN KEY (`ticket_id`) REFERENCES `ticket` (`id`) ON UPDATE CASCADE,
  ADD CONSTRAINT `product_ticket_ibfk_3` FOREIGN KEY (`product_id`) REFERENCES `product` (`id`) ON UPDATE CASCADE,
  ADD CONSTRAINT `product_ticket_ibfk_4` FOREIGN KEY (`subsidiary_id`) REFERENCES `subsidiary` (`id`) ON UPDATE CASCADE;

--
-- Constraints for table `quick_access`
--
ALTER TABLE `quick_access`
  ADD CONSTRAINT `quick_access_ibfk_1` FOREIGN KEY (`product_id`) REFERENCES `product` (`id`) ON UPDATE CASCADE;

--
-- Constraints for table `ticket`
--
ALTER TABLE `ticket`
  ADD CONSTRAINT `ticket_ibfk_1` FOREIGN KEY (`subsidiary_id`) REFERENCES `subsidiary` (`id`) ON UPDATE CASCADE;

/*!40101 SET CHARACTER_SET_CLIENT=@OLD_CHARACTER_SET_CLIENT */;
/*!40101 SET CHARACTER_SET_RESULTS=@OLD_CHARACTER_SET_RESULTS */;
/*!40101 SET COLLATION_CONNECTION=@OLD_COLLATION_CONNECTION */;
